plaintext,type,vaultId
ProfilePasswordTest$7354,PASSWORD,77577CDFF7E10967C39CD8FBAD79218D
ProfilePasswordTest$0964,PASSWORD,BAD91304562AB49BED98C5094889DEE0
ProfilePasswordTest$6852,PASSWORD,30973FFF5AB8ABE1D63EFD22DBA442A4
ProfilePasswordTest$0660,PASSWORD,FD0548F2969E4D793E4BF98B15C9E62B
ProfilePasswordTest$1256,PASSWORD,6CEC42EEEAB91FB4BDB1CA1A8059251D
ProfilePasswordTest$0888,PASSWORD,6B2CF6DD0234B8C89360EAD85435CED4
ProfilePasswordTest$5700,PASSWORD,BCDBDD9F3D7E2ED77EFE1F6E53DE5B6F
ProfilePasswordTest$8642,PASSWORD,978FD69856A4E4D208454F8377BCF0B0
ProfilePasswordTest$3912,PASSWORD,DD3FC19064E0717007D83F63A5B9ABA3
ProfilePasswordTest$7029,PASSWORD,5008A8F249A9C4AAC4474CA40443CDC5
ProfilePasswordTest$0653,PASSWORD,717C3F50FE858AC2AFC50D7C3C18BD0D
ProfilePasswordTest$5877,PASSWORD,D658C3CCA6B2A184E1F57793E1E7F04B
ProfilePasswordTest$5613,PASSWORD,AF12A36AD4973F526C7F2164F62DF1E5
ProfilePasswordTest$7902,PASSWORD,6A58EBE8588A82B8D52A988DD626A5D1
ProfilePasswordTest$5220,PASSWORD,F85A65D0FD42E8C1CBABAEAF9BD435F9
ProfilePasswordTest$4413,PASSWORD,EC2DBCAF7454E1FAA2F39764C7ACB532
ProfilePasswordTest$0665,PASSWORD,C7A964010DE3FA4AC24353B853F1820C
ProfilePasswordTest$0893,PASSWORD,75924C23DF3B7DBBD3036B1D254DE195
ProfilePasswordTest$2199,PASSWORD,CA7C7557DA791521530EA067CAFAEBA3
ProfilePasswordTest$0729,PASSWORD,820441B76A71692ACA4BAB4AB00CFA2B
ProfilePasswordTest$8486,PASSWORD,D63E6C2BDE6192F757DAF30CB93F6B32
ProfilePasswordTest$6245,PASSWORD,B5F22CD0CECB2FCDBD54B230FB5BC27B
ProfilePasswordTest$6756,PASSWORD,41B222B89ACD113EA84A2E1D7C04B8F6
ProfilePasswordTest$6240,PASSWORD,355BD38483553AC396DCD056FCEB24A7
ProfilePasswordTest$5822,PASSWORD,A08790D01F434D480DA13A648A3D99F6
ProfilePasswordTest$4874,PASSWORD,B6FBC48FB4537B23FE5B34E0C08CAF6C
ProfilePasswordTest$0583,PASSWORD,1DAE6DD1E6197497C59DAB52C4D8D23D
ProfilePasswordTest$1332,PASSWORD,72FB44FCA7FE11C88FABEC4A9657F9D8
ProfilePasswordTest$4622,PASSWORD,2FEDEDDE133798C0E62BE4654B053DF9
ProfilePasswordTest$9007,PASSWORD,FED1CC243D9AFC0677DF5004B70B1C4C
ProfilePasswordTest$7450,PASSWORD,85DB34995E30E7742197CB60AC3AEBCC
ProfilePasswordTest$6038,PASSWORD,31C93F9AADD853B4FCC19A9BDC2D37A7
ProfilePasswordTest$2215,PASSWORD,46DEA7F5446E0FC90554FA2B0E8F141A
ProfilePasswordTest$9122,PASSWORD,F924D36AACFAD060A379A11510F05082
ProfilePasswordTest$1873,PASSWORD,C7C4D9F713B63741DBC30B43153D3B4A
ProfilePasswordTest$6162,PASSWORD,AFFAF3073E0155C8AF512F797C3A277E
ProfilePasswordTest$3668,PASSWORD,9B41E7338C6ED7851C9E0F8DA0D525C6
ProfilePasswordTest$2776,PASSWORD,3958BAD4F5F8B12C35F12BB9250EDC5B
ProfilePasswordTest$0631,PASSWORD,317ED9DDCE9EBE12CFDB46153835F443
ProfilePasswordTest$9131,PASSWORD,1F88DD0FBCBBC332FEE7BD5852531453
ProfilePasswordTest$8833,PASSWORD,907C423B7C82776D5441077E10F0C2B1
ProfilePasswordTest$2289,PASSWORD,80CF47C1A9EA1449FDBF9D237EF03743
ProfilePasswordTest$9014,PASSWORD,84882483FCA525E0D1671ADEE173C2C0
ProfilePasswordTest$9725,PASSWORD,DA4EC00F116E23F0B03FD3E87B78B2A9
ProfilePasswordTest$6314,PASSWORD,39782FF45B673A169E29A06E231B2490
ProfilePasswordTest$8538,PASSWORD,7FF2A904B4DA05A103BF999E275290BC
ProfilePasswordTest$3639,PASSWORD,0FA421B912188225162432047D4F0383
ProfilePasswordTest$4013,PASSWORD,7EE0B8B50679DDAC30A3ED78B792E53B
ProfilePasswordTest$2877,PASSWORD,319FB9ABACBDA04070C6CDE80F5F1D96
ProfilePasswordTest$4193,PASSWORD,0664D88C350930ACA06E2E22C0BCB289
ProfilePasswordTest$8989,PASSWORD,24683E95660D400609BE8C46D7D03B29
ProfilePasswordTest$1397,PASSWORD,09C7F48022C28B37B72164E3646F61F7
ProfilePasswordTest$6973,PASSWORD,B70C8B7825CFD00BD00E2A4770D975F9
ProfilePasswordTest$7210,PASSWORD,A35B51A675A15A6B58E896EF2E02A885
ProfilePasswordTest$8478,PASSWORD,97D3436439F0EC61198C14546FA793E2
ProfilePasswordTest$8723,PASSWORD,A5BC1AFB46D45D670C74AE0F7DBFEF9D
ProfilePasswordTest$1745,PASSWORD,73A302C00D2F0E1FABD943A96081FB78
ProfilePasswordTest$1496,PASSWORD,593DC24F395B03D336BF61ABBD923AC0
ProfilePasswordTest$6282,PASSWORD,49ACBA182ABBAF3A7CF52420E1FA6CBE
ProfilePasswordTest$1074,PASSWORD,4FC8F07C2F666E46D7DE6BF916D0C647
ProfilePasswordTest$0695,PASSWORD,427B6D5DB257EE7DA27B0B96A88B5C35
ProfilePasswordTest$0655,PASSWORD,192C5132A31BB78FD4B580652CEBFB3B
ProfilePasswordTest$0820,PASSWORD,BA3423DAC8C7E9AB8A1C78B2737AE343
ProfilePasswordTest$5110,PASSWORD,D2C5AD08FCAD6D4D83404EA7DE648002
ProfilePasswordTest$6530,PASSWORD,883212D08790DFCAB3161B5CD59B5ED3
ProfilePasswordTest$1146,PASSWORD,16125B4044160EFA923C91E40C1B39A0
ProfilePasswordTest$1806,PASSWORD,5EF2692F7F9AE4CC2E492643F7BC5728
ProfilePasswordTest$8108,PASSWORD,9FF0D645E61AE9A660671B46E375B0FB
ProfilePasswordTest$7645,PASSWORD,8AABC78B72A042F67168F6B43AEC6A36
ProfilePasswordTest$2290,PASSWORD,56264315E162F7B903FC28E99A3AB24F
ProfilePasswordTest$0810,PASSWORD,CD8A70EFB4783797EDC9D8A3B6042665
ProfilePasswordTest$7874,PASSWORD,170AC45BF7A92A486817A7C8641B76D3
ProfilePasswordTest$7032,PASSWORD,2B9008D9EAC5DE5E43717F8E7819CD85
ProfilePasswordTest$0509,PASSWORD,412ED1C572FEAFE1684A07E21ABEB4B5
ProfilePasswordTest$6460,PASSWORD,1CFFCE6041881DFA4925866200EC0553
ProfilePasswordTest$2613,PASSWORD,FA940CA3E21AAC7ED805E53EEEF91079
ProfilePasswordTest$5024,PASSWORD,B614CE62686F4D25E42F3A270EF6F679
ProfilePasswordTest$8538,PASSWORD,7FF2A904B4DA05A103BF999E275290BC
ProfilePasswordTest$8693,PASSWORD,F2964E34CE17A5BC8A0974654A1BAE5D
ProfilePasswordTest$7924,PASSWORD,C7F7FB63D1A05C1E08BDC3CE73E6B977
ProfilePasswordTest$3715,PASSWORD,A04226378FBDAD430691776982204E30
ProfilePasswordTest$0320,PASSWORD,D61BAB5463C9D6530F16B1B2AB97C662
ProfilePasswordTest$1646,PASSWORD,36D4A6C6FEF0F5CF16A54DA4D7022752
ProfilePasswordTest$3938,PASSWORD,DBB2114B6826263180C619990E1CBAF9
ProfilePasswordTest$4259,PASSWORD,B5B464200A9B28E352E6306E53733FE6
ProfilePasswordTest$2962,PASSWORD,D445A6465948AF3A40C8BC1BAC6761F6
ProfilePasswordTest$2445,PASSWORD,D483E731DB4FD5C8C4EB95A5805F6149
ProfilePasswordTest$5017,PASSWORD,67657F3EDC58C7C4C7DB550FE1F88635
ProfilePasswordTest$3120,PASSWORD,F9CA3F0EEF4B6975DBAC628B4C089F1F
ProfilePasswordTest$2758,PASSWORD,4D53A49A440FD99D4819BF0066883469
ProfilePasswordTest$9537,PASSWORD,B1F556012C758030ED15FA3896A82CA4
ProfilePasswordTest$6433,PASSWORD,35024E0264175A135F8B9F9A6C62C115
ProfilePasswordTest$0828,PASSWORD,BF91DF27656A8A960547420E6E6B4525
ProfilePasswordTest$3189,PASSWORD,99648ADE38E23027EC84FA1AEB81A743
ProfilePasswordTest$0331,PASSWORD,51E5356B137C6AF9AEC2AC8B104FFFBB
ProfilePasswordTest$0385,PASSWORD,F87768618ADCB682B3C664E8F031AC3A
ProfilePasswordTest$1424,PASSWORD,4383D2ECB1A2B840E051D59D3FFA7905
ProfilePasswordTest$9098,PASSWORD,EAAE7F4C8DAE371138F9BB9A2EFEF779
ProfilePasswordTest$8507,PASSWORD,491EF46FC5D7862EFD8C52DD0B0DAC33
ProfilePasswordTest$6919,PASSWORD,33FA636DDC4227BAD94352CC83281D45